<?xml version="1.0" encoding="UTF-8"?>
<!DOCTYPE suite SYSTEM "https://testng.org/testng-1.0.dtd">
<suite thread-count="2" name="Crossbrowser">
<parameter name="browser" value="chrome"></parameter>
  <test thread-count="2" name="Test1">
    <classes>
      <class name="Com.crm.ContactTest.Contacttest"/>
      <class name="comcast_Organizationtest.Organizationtest"/>
    </classes>
  </test> <!-- Test -->
  
  <test thread-count="2" name="Test2">
  <parameter name="browser" value="Firefox"></parameter>
    <classes>
      <class name="Com.crm.ContactTest.Contacttest"/>
      <class name="comcast_Organizationtest.Organizationtest"/>
    </classes>
  </test> <!-- Test -->
  
  
  
</suite> <!-- Crossbrowser -->
