<?xml version="1.0" encoding="UTF-8"?>
<!DOCTYPE suite SYSTEM "https://testng.org/testng-1.0.dtd">
<suite name="Regionalregresstest">
  <test thread-count="5" name="Testrunner1">
    <classes>
      <class name="Com.crm.ContactTest.Contacttest">  
      <methods>
      <include name="createcontacttest"/>
      </methods>
      </class>
      <class name="comcast_Organizationtest.Organizationtest">
      <methods>
      <include name="createOrgwithindustry"/>
      </methods>
      </class>
    </classes>
  </test> <!-- Testrunner1 -->
</suite> <!-- Regionalregresstest -->
